task,pct_generic,pct_not_generic,pct_disc,pct_cap,pct_safety,pct_hedge,pct_filler,pct_deferral,pct_univ,pct_struct,distinct1,distinct2,self_bleu,mean_sem_sim
creative_tasks,2.0,98.0,0.0,0.0,0.0,2.0,0.0,0.0,0.0,0.0,0.48326648245159487,0.8113700727793193,0.17631772826565242,0.7879190135002136
everyday_advice,48.68421052631579,51.31578947368421,0.0,0.0,7.894736842105263,2.6315789473684212,3.9473684210526314,0.0,27.63157894736842,15.789473684210526,0.44403760724857616,0.7745253417985513,0.2600738556754932,0.9111607717840295
general_knowledge,3.0303030303030303,96.96969696969697,0.0,0.0,0.0,3.0303030303030303,0.0,0.0,0.0,0.0,0.5225100389959302,0.5939926208980045,0.45638239169109424,0.9639299873149756
moral_reasoning,70.58823529411765,29.41176470588235,0.0,0.0,1.4705882352941178,69.11764705882354,0.0,0.0,0.0,0.0,0.4839461440222474,0.7745685266014832,0.26241837357839526,0.8969089792055243
rephrasing_cooking_advice,9.090909090909092,90.9090909090909,0.0,0.0,0.0,0.0,0.0,0.0,0.0,9.090909090909092,0.4450893277871495,0.8044873556725203,0.20598563252048005,0.9202134717594493
rephrasing_everyday_advice,43.75,56.25,0.0,0.0,0.0,0.0,0.0,0.0,43.75,9.375,0.4498806535855673,0.8070941653851589,0.19371739051439354,0.9051558822393417
rephrasing_wakeup_advice,50.0,50.0,0.0,0.0,4.545454545454546,0.0,0.0,0.0,50.0,4.545454545454546,0.3981285969418339,0.7057260600047855,0.3433480296925846,0.9388080130923878
writing_help,27.5,72.5,0.0,0.0,0.0,2.5,0.0,0.0,0.0,25.0,0.47149757980401963,0.8004509719930979,0.1962944458032411,0.831018128991127
